{"dport":{"name":"Dan Port","password":"portspassword","email":"dport@hawaii.edu"},"kazman":{"name":"Rick Kazman","password":"kazmanpassword","email":"kazman@hawaii.edu"},"itm352":{"name":"ITM 352","password":"grader","email":"itm352@hawaii.edu"},"newuser":{"username":"newuser","password":"newpass","email":"newuser@user.com"},"sdiep7":{"username":"sdiep7","password":"abcdef123","email":"sdiep7@hawaii.edu"},"melanie20":{"username":"melanie20","password":"efgh5678","email":"melanie2000@gmail.com"},"alexlee":{"username":"alexlee","password":"ijkl9101","email":"alexlee@gmail.com"},"michellett":{"username":"michellett","password":"mnop1121","email":"michelletan@gmail.com"},"tianaanan":{"username":"tianaanan","password":"qrst3141","email":"tianatran88@gmail.com"},"ashinick":{"username":"ashinick","password":"uvwx5161","email":"nickashi@gmail.com"},"billieil":{"username":"billieil","password":"yanz7181","email":"billieil@gmail.com"},"alexcody":{"username":"alexcody","password":"y3ll0wi$C00l","email":"codyalexander45@hawaii.edu"},"phoebedong":{"username":"phoebedong","password":"IluvBlu3","email":"dongeun90@gmail.com"},"matt02":{"username":"matt02","password":"Pink40cks","email":"matthew0Tani@gmail.com"},"jeonkookie":{"username":"jeonkookie","password":"!Purpl3U","email":"jeonjung97@gmail.com"},"sdiep8":{"username":"sdiep8","password":"ilovepinkflowers","email":"sdiep8@gmail.com"},"sharondd":{"username":"sharondd","password":"jello80890","email":"sdiep9@gmail.com"},"dieps":{"username":"dieps","password":"diepdieps","email":"sdiep68@gmail.com"},"jjkookie":{"username":"jjkookie","password":"bunnyrabbit97","email":"jeonjung@gmail.com"},"sharondiep0":{"username":"sharondiep0","password":"123456789","email":"sharon.diep@gmail.com"},"diepdavid":{"username":"diepdavid","password":"0987654321","email":"daviddiep@gmail.com"},"turnertina":{"username":"turnertina","password":"blueberriesrock","email":"mayapril1@gmail.com"},"judyyphann":{"username":"judyyphann","password":"nailsarecool","email":"phan.judy@gmail.com"},"Sdiep7":{"username":"Sdiep7","password":"80880890","email":"kdiep89@gmail.com"},"portdaniel":{"password":"danielport1","email":"portdaniel@gmail.com"},"wongsamm":{"password":"wongwong","email":"samwong@hawaii.edu"},"xxyyyy":{"password":"xxxxxxxx","email":"xxyy@gmail.com"},"yyyxxx":{"password":"yyyyyyyy","email":"yyyyddd@gmail.com"},"zzzwww":{"password":"wwwwwwww","email":"wwwzzzz9@gmail.com"},"yyyttt":{"password":"tttttttt","email":"ttyyy@gmail.com"},"ttttyyy":{"password":"yyyyyyyyy","email":"ttyyy1@gmail.com"},"yellowpink":{"password":"pinkyello","email":"pinkyellow@gmail.com"},"tshiroma1":{"password":"iloveapples0","email":"shiromatrinity@gmail.com"},"Angelagn4":{"password":"purpleflowers8","email":"angelagaoriran@hawaii.edu"},"Clock3":{"password":"ilovespiderman","email":"lockce@hawaii.edu"},"Melyan1":{"password":"mellovesanim#","email":"yangmelanie@yahoo.com"},"oaknoah":{"password":"No@hOak12","email":"noahoakamoto@hawaii.edu"}}